id;nome;cnh;validade_cnh;genero
1;Robust;user Genérico envisioneer;2022-04-29;M
2;responsive disintermediate incremental;transmitting Borracha Lustroso;2022-04-29;M
3;sexy digital Account;Dynamic;2022-04-29;M
4;orchestration;Future payment;2022-04-29;M
5;Networked;índigo partnerships Bebê;2022-04-29;F
6;real-time Architect;connect Rodovia;2022-04-29;F
7;clear-thinking well-modulated extend;Rua Account Granito;2022-04-29;F
8;Configuration;Salada Account Functionality;2022-04-29;F
9;Cambridgeshire Gourde Pernambuco;interface;2022-04-29;M
10;drive Identity;laranja Security;2022-04-29;M
